image,roi,truth,otsu_T,global_fg_pixels,global_fg_ratio,global_pred,otsu_fg_pixels,otsu_fg_ratio,otsu_pred,adaptive_fg_pixels,adaptive_fg_ratio,adaptive_pred
01_highquality_enhanced,rektor,PRESENT,197,325,0.0112,ABSENT,1831,0.0629,PRESENT,1853,0.0637,PRESENT
01_highquality_enhanced,dekan,PRESENT,197,1058,0.0299,ABSENT,5444,0.1538,PRESENT,5616,0.1586,PRESENT
01_highquality_enhanced,pemilik,PRESENT,193,1293,0.0268,ABSENT,4791,0.0992,PRESENT,4537,0.0939,ABSENT
01_highquality_enhanced,kosong_kiri,ABSENT,243,0,0.0,ABSENT,61305,0.7513,ABSENT,0,0.0,ABSENT
01_highquality_enhanced,kosong_atas,ABSENT,246,0,0.0,ABSENT,6280,0.2093,ABSENT,0,0.0,ABSENT
01_highquality_enhanced,teks_nama,ABSENT,211,28,0.0029,ABSENT,2134,0.2223,ABSENT,1878,0.1956,ABSENT
01_highquality_enhanced,teks_nomor,ABSENT,213,5,0.0004,ABSENT,1882,0.1651,ABSENT,1668,0.1463,ABSENT
02_low_contrast,rektor,PRESENT,218,8,0.0003,ABSENT,1955,0.0665,PRESENT,1661,0.0565,PRESENT
02_low_contrast,dekan,PRESENT,218,0,0.0,ABSENT,5361,0.1527,PRESENT,4167,0.1187,PRESENT
02_low_contrast,pemilik,PRESENT,215,5,0.0001,ABSENT,4526,0.0914,PRESENT,2398,0.0484,ABSENT
02_low_contrast,kosong_kiri,ABSENT,242,0,0.0,ABSENT,62042,0.7575,ABSENT,0,0.0,ABSENT
02_low_contrast,kosong_atas,ABSENT,243,0,0.0,ABSENT,16065,0.5302,ABSENT,0,0.0,ABSENT
02_low_contrast,teks_nama,ABSENT,226,0,0.0,ABSENT,2307,0.2136,ABSENT,1353,0.1253,ABSENT
02_low_contrast,teks_nomor,ABSENT,226,0,0.0,ABSENT,1885,0.1654,ABSENT,1332,0.1168,ABSENT
03_blurred,rektor,PRESENT,202,181,0.0062,ABSENT,1665,0.0566,PRESENT,1705,0.058,PRESENT
03_blurred,dekan,PRESENT,203,710,0.0201,ABSENT,5091,0.1438,PRESENT,5260,0.1486,PRESENT
03_blurred,pemilik,PRESENT,194,924,0.0189,ABSENT,3816,0.078,PRESENT,3956,0.0809,PRESENT
03_blurred,kosong_kiri,ABSENT,244,0,0.0,ABSENT,20922,0.2536,ABSENT,0,0.0,ABSENT
03_blurred,kosong_atas,ABSENT,247,0,0.0,ABSENT,6167,0.2035,ABSENT,0,0.0,ABSENT
03_blurred,teks_nama,ABSENT,216,0,0.0,ABSENT,2115,0.2074,ABSENT,1888,0.1851,ABSENT
03_blurred,teks_nomor,ABSENT,219,0,0.0,ABSENT,1867,0.1638,ABSENT,1626,0.1426,ABSENT
04_high_noise,rektor,PRESENT,191,315,0.0107,ABSENT,1549,0.0527,PRESENT,1607,0.0547,PRESENT
04_high_noise,dekan,PRESENT,192,957,0.0273,ABSENT,4612,0.1314,PRESENT,5124,0.146,PRESENT
04_high_noise,pemilik,PRESENT,180,1648,0.0343,ABSENT,3391,0.0706,PRESENT,4301,0.0896,PRESENT
04_high_noise,kosong_kiri,ABSENT,236,0,0.0,ABSENT,43832,0.5294,ABSENT,0,0.0,ABSENT
04_high_noise,kosong_atas,ABSENT,238,0,0.0,ABSENT,12686,0.4106,ABSENT,0,0.0,ABSENT
04_high_noise,teks_nama,ABSENT,206,11,0.0011,ABSENT,1951,0.1971,ABSENT,1794,0.1812,ABSENT
04_high_noise,teks_nomor,ABSENT,209,0,0.0,ABSENT,1783,0.1564,ABSENT,1683,0.1476,ABSENT
05_lowres_upsampled,rektor,PRESENT,201,207,0.007,ABSENT,1766,0.0595,PRESENT,1779,0.0599,PRESENT
05_lowres_upsampled,dekan,PRESENT,202,783,0.0219,ABSENT,5235,0.1466,PRESENT,5296,0.1483,PRESENT
05_lowres_upsampled,pemilik,PRESENT,193,1087,0.0224,ABSENT,4004,0.0824,PRESENT,3285,0.0676,PRESENT
05_lowres_upsampled,kosong_kiri,ABSENT,244,0,0.0,ABSENT,30055,0.3617,ABSENT,0,0.0,ABSENT
05_lowres_upsampled,kosong_atas,ABSENT,247,0,0.0,ABSENT,8949,0.2953,ABSENT,0,0.0,ABSENT
05_lowres_upsampled,teks_nama,ABSENT,215,0,0.0,ABSENT,2168,0.2125,ABSENT,1851,0.1815,ABSENT
05_lowres_upsampled,teks_nomor,ABSENT,217,0,0.0,ABSENT,1837,0.1655,ABSENT,1609,0.145,ABSENT
06_faded_underexposed,rektor,PRESENT,139,1255,0.0418,PRESENT,1964,0.0655,PRESENT,1473,0.0491,PRESENT
06_faded_underexposed,dekan,PRESENT,138,3412,0.0948,ABSENT,5517,0.1532,PRESENT,3591,0.0998,ABSENT
06_faded_underexposed,pemilik,PRESENT,138,3649,0.0728,PRESENT,5901,0.1178,PRESENT,2239,0.0447,ABSENT
06_faded_underexposed,kosong_kiri,ABSENT,156,0,0.0,ABSENT,21171,0.2511,ABSENT,0,0.0,ABSENT
06_faded_underexposed,kosong_atas,ABSENT,158,0,0.0,ABSENT,9532,0.3115,ABSENT,0,0.0,ABSENT
06_faded_underexposed,teks_nama,ABSENT,144,720,0.0686,ABSENT,2298,0.2189,ABSENT,1160,0.1105,ABSENT
06_faded_underexposed,teks_nomor,ABSENT,145,456,0.0411,ABSENT,1821,0.1641,ABSENT,941,0.0848,ABSENT
07_colorshift_warmtint,rektor,PRESENT,194,270,0.0092,ABSENT,1727,0.0587,PRESENT,1725,0.0587,PRESENT
07_colorshift_warmtint,dekan,PRESENT,195,914,0.0256,ABSENT,5241,0.1468,PRESENT,5358,0.1501,PRESENT
07_colorshift_warmtint,pemilik,PRESENT,184,1487,0.03,ABSENT,3793,0.0766,PRESENT,4164,0.0841,ABSENT
07_colorshift_warmtint,kosong_kiri,ABSENT,235,0,0.0,ABSENT,36174,0.4369,ABSENT,0,0.0,ABSENT
07_colorshift_warmtint,kosong_atas,ABSENT,239,0,0.0,ABSENT,16812,0.5604,ABSENT,0,0.0,ABSENT
07_colorshift_warmtint,teks_nama,ABSENT,207,8,0.0008,ABSENT,2096,0.2055,ABSENT,1831,0.1795,ABSENT
07_colorshift_warmtint,teks_nomor,ABSENT,209,3,0.0003,ABSENT,1769,0.1512,ABSENT,1609,0.1375,ABSENT
08_jpeg_artifacts,rektor,PRESENT,199,262,0.0088,ABSENT,1679,0.0565,PRESENT,1758,0.0592,PRESENT
08_jpeg_artifacts,dekan,PRESENT,200,827,0.023,ABSENT,5213,0.1448,PRESENT,5457,0.1516,PRESENT
08_jpeg_artifacts,pemilik,PRESENT,191,1240,0.0252,ABSENT,3856,0.0784,PRESENT,4311,0.0876,PRESENT
08_jpeg_artifacts,kosong_kiri,ABSENT,243,0,0.0,ABSENT,31344,0.3758,ABSENT,0,0.0,ABSENT
08_jpeg_artifacts,kosong_atas,ABSENT,247,0,0.0,ABSENT,16285,0.5322,ABSENT,0,0.0,ABSENT
08_jpeg_artifacts,teks_nama,ABSENT,213,0,0.0,ABSENT,2037,0.1997,ABSENT,1847,0.1811,ABSENT
08_jpeg_artifacts,teks_nomor,ABSENT,216,0,0.0,ABSENT,1776,0.1558,ABSENT,1580,0.1386,ABSENT
09_combined_degradation,rektor,PRESENT,161,552,0.0184,ABSENT,1940,0.0647,PRESENT,1713,0.0571,PRESENT
09_combined_degradation,dekan,PRESENT,160,1569,0.0436,ABSENT,5344,0.1484,PRESENT,4664,0.1296,PRESENT
09_combined_degradation,pemilik,PRESENT,156,2015,0.041,ABSENT,4245,0.0863,PRESENT,2744,0.0558,ABSENT
09_combined_degradation,kosong_kiri,ABSENT,188,0,0.0,ABSENT,80407,0.9572,ABSENT,0,0.0,ABSENT
09_combined_degradation,kosong_atas,ABSENT,189,0,0.0,ABSENT,931,0.0298,ABSENT,0,0.0,ABSENT
09_combined_degradation,teks_nama,ABSENT,170,55,0.0057,ABSENT,2166,0.2256,ABSENT,1544,0.1608,ABSENT
09_combined_degradation,teks_nomor,ABSENT,170,21,0.0019,ABSENT,1800,0.1622,ABSENT,1338,0.1205,ABSENT
